first_name,last_name,email,gender,age,car,job,favorite_film
Tremaine,Postill,tpostill0@google.com.br,Female,54,Renault,Compensation Analyst,Thriller
Arron,Blunderfield,ablunderfield1@geocities.jp,Agender,80,Mazda,Quality Engineer,Drama
Baxter,Bucham,bbucham2@umn.edu,Male,25,Renault,Graphic Designer,Thriller
Jennee,Woodrough,jwoodrough3@github.io,Genderfluid,72,Renault,Software Test Engineer I,Thriller
Pet,Lyffe,plyffe4@nifty.com,Female,42,Opel,Editor,Thriller
Felipa,Holburn,fholburn5@netscape.com,Bigender,45,Renault,Senior Developer,Thriller
Evan,Flaxon,eflaxon6@mysql.com,Male,70,Dacia,Registered Nurse,Thriller
Clem,Dow,cdow7@deliciousdays.com,Agender,33,Renault,Data Coordiator,Horror
Brock,Leake,bleake8@si.edu,Female,51,Opel,Assistant Professor,Drama
Tann,Barnsdale,tbarnsdale9@ask.com,Non-binary,73,Opel,Project Manager,Comedy
Brennan,MacCracken,bmaccrackena@dot.gov,Polygender,23,Opel,Account Representative IV,Action
Jessika,Kierans,jkieransb@ted.com,Female,79,Renault,Civil Engineer,Drama
Isahella,Buff,ibuffc@wired.com,Agender,45,Renault,Human Resources Assistant II,Comedy
Erroll,MacDunlevy,emacdunlevyd@nydailynews.com,Agender,77,Renault,Budget/Accounting Analyst IV,Drama
Jaclin,Tofanelli,jtofanellie@marketwatch.com,Agender,31,Renault,Assistant Media Planner,Thriller
Neala,Molder,nmolderf@tuttocitta.it,Male,41,Mazda,Systems Administrator I,Drama
Johna,Coning,jconingg@time.com,Non-binary,22,Renault,Statistician I,Drama
Cyb,Olenov,colenovh@europa.eu,Agender,51,Dacia,Executive Secretary,Thriller
Sheila,Gaddie,sgaddiei@sina.com.cn,Bigender,80,Renault,Occupational Therapist,Thriller
Lydie,Blay,lblayj@reuters.com,Female,34,Dacia,Director of Sales,Drama
